{"critic/returns/max":1.1546984910964966,"actor/kl_loss":0.016496775083211592,"timing_s/gen_embed":214.53457742743194,"actor/pg_loss":0.0005045070695802688,"prompt_length/mean":81.591796875,"timing_per_token_ms/ref":0.015463386823384337,"training/global_step":70,"global_seqlen/balanced_min":886023,"timing_s/gen":51.613363375887275,"timing_s/reshard":2.788872480392456,"actor/ppo_kl":0.0002931011384536358,"training/epoch":9,"response/aborted_ratio":0,"response_length/mean":495.24609375,"timing_s/generation_timing/topk_ratio":0.5,"perf/time_per_step":453.0967510417104,"critic/advantages/max":1.1546984910964966,"actor/grad_norm":0.3093799020235355,"critic/advantages/mean":-0.009367247112095356,"timing_s/adv":0.11412212625145912,"timing_s/old_log_prob":33.1102765314281,"global_seqlen/max":892141,"prompt_length/clip_ratio":0,"val-core/openai/gsm8k/reward/mean@1":0.8620166793025019,"perf/max_memory_reserved_gb":142.54296875,"critic/score/mean":0.9169921875,"critic/score/max":1,"timing_s/update_actor":96.78793218359351,"timing_per_token_ms/adv":6.440133396732315e-05,"_wandb":{"runtime":31831},"_timestamp":1.7615688683793588e+09,"actor/kl_coef":0.0010000000000000002,"response_length_non_aborted/clip_ratio":0.0348307304084301,"critic/rewards/min":0,"timing_s/generate_sequences":46.7119140625,"timing_s/reward":0.8736077668145299,"actor/lr":1e-06,"timing_s/stop_profile":8.081085979938507e-05,"actor/entropy":0.0874880999326706,"timing_per_token_ms/update_actor":0.05461931134044687,"timing_s/testing":28.508453315123916,"response_length_non_aborted/min":185,"global_seqlen/min":879905,"prompt_length/min":42,"timing_s/generation_timing/max":47.44670104980469,"timing_per_token_ms/gen":0.033925002679044296,"critic/returns/min":-1.1546986103057861,"perf/cpu_memory_used_gb":91.63835525512695,"perf/throughput":1955.48301320403,"response_length_non_aborted/mean":495.24609375,"global_seqlen/balanced_max":886023,"prompt_length/max":191,"response_length/min":185,"timing_s/generation_timing/min":45.97712707519531,"perf/total_num_tokens":1772046,"response_length/clip_ratio":0.0348307304084301,"response_length_non_aborted/max":1024,"timing_s/step":453.0967510417104,"perf/max_memory_allocated_gb":133.83800745010376,"_runtime":31831.690462886,"actor/pg_clipfrac_lower":1.2759886555035005e-06,"critic/advantages/min":-1.1546986103057861,"global_seqlen/minmax_diff":12236,"critic/rewards/max":1,"critic/returns/mean":-0.009367247112095356,"critic/score/min":0,"global_seqlen/mean":886023,"timing_s/ref":27.40183276683092,"critic/rewards/mean":0.9169921875,"actor/pg_clipfrac":0.0009439270733628881,"perf/mfu/actor":0.11804131903673376,"_step":70,"timing_s/start_profile":0.00012436788529157639,"response_length/max":1024}