{"timing_s/gen_embed":226.48332832194865,"critic/score/max":1,"actor/entropy":0.07246757298707962,"actor/grad_norm":0.8254379630088806,"critic/rewards/min":0,"_timestamp":1.7630393469315555e+09,"critic/returns/max":1.154699683189392,"training/epoch":9,"timing_per_token_ms/adv":6.442499871839774e-05,"timing_s/update_actor":98.39765179809183,"critic/returns/mean":-0.012606258504092693,"response_length_non_aborted/max":1024,"critic/advantages/mean":-0.012606258504092693,"actor/ppo_kl":0.0005885203721987495,"timing_s/old_log_prob":33.18977107759565,"perf/total_num_tokens":2025201,"actor/kl_loss":0.015577207686323103,"_wandb":{"runtime":33033},"perf/throughput":2120.414287243311,"prompt_length/clip_ratio":0,"_step":70,"actor/pg_clipfrac_lower":2.161143096269701e-05,"timing_per_token_ms/update_actor":0.048586610315762155,"_runtime":33033.914544738,"timing_s/step":477.5484234811738,"global_seqlen/max":1023433,"response_length/clip_ratio":0.0537109375,"prompt_length/min":42,"critic/advantages/min":-1.154699683189392,"timing_s/generation_timing/max":54.7558708190918,"timing_s/generation_timing/min":53.7459602355957,"critic/returns/min":-1.154699683189392,"timing_s/stop_profile":0.00016158632934093475,"timing_s/gen":58.50639892742038,"prompt_length/max":191,"critic/rewards/mean":0.8997395634651184,"timing_s/testing":32.26220039650798,"critic/score/min":0,"val-core/openai/gsm8k/reward/mean@1":0.8385140257771039,"timing_s/reshard":2.877535343170166,"global_seqlen/balanced_max":1012601,"timing_per_token_ms/gen":0.03296969144725645,"critic/advantages/max":1.154699683189392,"prompt_length/mean":81.591796875,"training/global_step":70,"timing_s/start_profile":0.0001067211851477623,"perf/mfu/actor":0.1331331252762346,"global_seqlen/min":1001768,"response_length/min":121,"response_length_non_aborted/clip_ratio":0.0537109375,"response/aborted_ratio":0,"response_length/mean":577.6533203125,"timing_s/generate_sequences":54.25091552734375,"timing_s/ref":27.404933088459074,"global_seqlen/balanced_min":1012600,"critic/rewards/max":1,"perf/max_memory_reserved_gb":141.79296875,"timing_s/reward":1.0442171720787883,"critic/score/mean":0.8997395634651184,"response_length_non_aborted/min":121,"actor/kl_coef":0.0010000000000000002,"perf/max_memory_allocated_gb":132.97912073135376,"global_seqlen/minmax_diff":21665,"global_seqlen/mean":1.0126005e+06,"response_length/max":1024,"perf/time_per_step":477.5484234811738,"response_length_non_aborted/mean":577.6533203125,"actor/pg_clipfrac":0.005917455474906541,"actor/lr":1e-06,"timing_s/generation_timing/topk_ratio":0.5,"timing_per_token_ms/ref":0.013531957118557158,"timing_s/adv":0.13047357182949781,"actor/pg_loss":0.0015832370918675515,"perf/cpu_memory_used_gb":66.54404067993164}