{"timing_s/start_profile":0.00012543797492980957,"perf/cpu_memory_used_gb":92.34794998168945,"timing_per_token_ms/ref":0.01405048526065305,"timing_per_token_ms/gen":0.03338961268727449,"perf/throughput":2092.2664215876025,"timing_s/adv":0.11180717684328556,"global_seqlen/min":981357,"critic/rewards/max":1,"actor/pg_clipfrac_lower":0,"global_seqlen/mean":998192,"actor/kl_loss":0.013841860012445611,"perf/time_per_step":477.0864693429321,"val-core/openai/gsm8k/reward/mean@1":0.8673237300985596,"_timestamp":1.7612211169404957e+09,"timing_s/generation_timing/max":55.493682861328125,"actor/pg_loss":0.0023630759537671547,"critic/returns/mean":-0.0065528880804777145,"critic/returns/min":-1.1546986103057861,"prompt_length/clip_ratio":0,"_runtime":32133.609972539,"prompt_length/mean":81.591796875,"timing_s/step":477.0864693429321,"perf/mfu/actor":0.13108262070267326,"timing_s/generate_sequences":53.76075744628906,"global_seqlen/max":1015027,"global_seqlen/minmax_diff":33670,"critic/score/min":0,"timing_s/stop_profile":0.00016974285244941711,"perf/total_num_tokens":1996384,"response_length/max":1024,"prompt_length/max":191,"timing_s/update_actor":98.47980890702456,"actor/kl_coef":0.0010000000000000002,"actor/ppo_kl":0.00028532363585799867,"response_length/clip_ratio":0.033203125,"critic/advantages/min":-1.1546986103057861,"timing_s/reshard":1.5185257196426392,"response/aborted_ratio":0,"training/epoch":9,"_step":70,"response_length/min":88,"critic/advantages/mean":-0.0065528880804777145,"timing_s/generation_timing/topk_ratio":0.5,"timing_s/reward":0.945293840020895,"actor/pg_clipfrac":0.0006556759290578594,"perf/max_memory_reserved_gb":142.521484375,"perf/max_memory_allocated_gb":133.55310773849487,"global_seqlen/balanced_max":998192,"response_length_non_aborted/min":88,"timing_s/gen_embed":223.24460376705974,"timing_s/generation_timing/min":52.027828216552734,"critic/advantages/max":1.1546984910964966,"timing_s/ref":28.050163966603577,"prompt_length/min":42,"timing_s/old_log_prob":32.486505459062755,"response_length_non_aborted/mean":568.2727661132812,"critic/score/max":1,"timing_per_token_ms/update_actor":0.04932909145085543,"training/global_step":70,"critic/score/mean":0.9202473759651184,"response_length_non_aborted/max":1024,"timing_s/testing":35.33846165239811,"timing_s/gen":58.28938211500645,"actor/lr":1e-06,"actor/entropy":0.08388590067625046,"_wandb":{"runtime":32133},"timing_per_token_ms/adv":5.600484518173135e-05,"actor/grad_norm":0.22807377462203687,"response_length/mean":568.2727661132812,"critic/returns/max":1.1546984910964966,"global_seqlen/balanced_min":998192,"response_length_non_aborted/clip_ratio":0.033203125,"critic/rewards/min":0,"critic/rewards/mean":0.9202473759651184}