{"actor/kl_loss":0.011581352206342148,"global_seqlen/max":1243421,"timing_s/adv":0.11909506842494011,"timing_s/ref":28.821713546290994,"perf/max_memory_allocated_gb":133.5530915260315,"_step":70,"prompt_length/max":191,"timing_s/gen":80.70312062092125,"timing_per_token_ms/ref":0.011733166348369238,"critic/returns/max":1.1546975374221802,"actor/pg_clipfrac_lower":2.6976770015324575e-05,"timing_s/stop_profile":0.00011581741273403168,"timing_s/generation_timing/max":75.81970977783203,"response/aborted_ratio":0,"global_seqlen/balanced_max":1228216,"critic/score/min":0,"actor/lr":1e-06,"critic/returns/min":-1.154699444770813,"actor/pg_loss":0.0015941180100561682,"actor/entropy":0.0707281231880188,"critic/rewards/mean":0.771484375,"critic/returns/mean":-0.019068727269768715,"prompt_length/clip_ratio":0,"timing_s/generate_sequences":75.07095336914062,"critic/rewards/min":0,"timing_s/start_profile":0.00012140534818172455,"timing_per_token_ms/adv":4.848296916336755e-05,"actor/pg_clipfrac":0.007017342664011113,"prompt_length/min":42,"timing_s/generation_timing/min":74.32218933105469,"critic/score/max":1,"timing_s/step":544.7294595241547,"timing_s/old_log_prob":33.91260562930256,"actor/kl_coef":0.0010000000000000002,"val-core/openai/gsm8k/reward/mean@1":0.6921910538286581,"timing_s/gen_embed":257.55691772606224,"timing_per_token_ms/update_actor":0.041239119520812995,"timing_s/reward":1.2149564819410443,"response_length_non_aborted/clip_ratio":0.2080078125,"perf/throughput":2254.725678087799,"response_length/max":1024,"response_length_non_aborted/mean":718.0276489257812,"perf/total_num_tokens":2456431,"actor/ppo_kl":0.000259860445454818,"prompt_length/mean":81.591796875,"timing_s/generation_timing/topk_ratio":0.5,"actor/grad_norm":0.8308675105755146,"_wandb":{"runtime":36099},"response_length/clip_ratio":0.2080078125,"response_length_non_aborted/min":125,"global_seqlen/min":1213010,"timing_s/reshard":2.4573092460632324,"critic/advantages/min":-1.154699444770813,"perf/time_per_step":544.7294595241547,"perf/mfu/actor":0.15834828175338736,"timing_per_token_ms/gen":0.03658709573657641,"_runtime":36099.247216338,"training/epoch":9,"global_seqlen/mean":1.2282155e+06,"response_length/mean":718.0276489257812,"response_length/min":125,"perf/cpu_memory_used_gb":88.14233016967773,"timing_s/update_actor":101.30105160363019,"critic/score/mean":0.771484375,"critic/advantages/max":1.1546975374221802,"critic/rewards/max":1,"perf/max_memory_reserved_gb":142.326171875,"global_seqlen/balanced_min":1228215,"timing_s/testing":40.87441102415323,"global_seqlen/minmax_diff":30411,"response_length_non_aborted/max":1024,"training/global_step":70,"critic/advantages/mean":-0.019068727269768715,"_timestamp":1.76058767553894e+09}