{"response_length_non_aborted/clip_ratio":0.2194010466337204,"global_seqlen/minmax_diff":13561,"actor/pg_clipfrac_lower":3.2830392063426025e-05,"response_length/mean":730.6637573242188,"response/aborted_ratio":0,"actor/ppo_kl":0.0003667153114160006,"timing_per_token_ms/update_actor":0.04019964149701068,"timing_s/ref":27.727458377368748,"perf/total_num_tokens":2495249,"prompt_length/max":191,"perf/cpu_memory_used_gb":80.7096939086914,"timing_s/step":324.2932653995231,"prompt_length/mean":81.591796875,"_timestamp":1.7604467100375655e+09,"critic/rewards/max":1,"timing_s/reward":1.1142645357176661,"global_seqlen/max":1254405,"timing_s/reshard":3.4445226192474365,"timing_s/generation_timing/max":79.14640808105469,"timing_s/generation_timing/min":77.66947174072266,"actor/pg_clipfrac":0.006711024948238552,"response_length_non_aborted/min":192,"prompt_length/min":42,"timing_s/gen":84.24072139430791,"critic/returns/mean":-0.009759469889104366,"training/global_step":70,"critic/advantages/mean":-0.009759469889104366,"timing_s/start_profile":0.00014358293265104294,"timing_s/adv":0.11355612799525261,"_step":70,"_runtime":21039.105689653,"timing_per_token_ms/ref":0.011112100787283653,"timing_per_token_ms/gen":0.03753041028455769,"global_seqlen/min":1240844,"global_seqlen/balanced_max":1247625,"actor/grad_norm":0.8392574466191806,"actor/pg_loss":0.003631744415346065,"training/epoch":9,"timing_s/stop_profile":7.896777242422104e-05,"_wandb":{"runtime":21039},"critic/returns/min":-1.1546982526779175,"timing_s/gen_embed":33.464447538368404,"critic/score/mean":0.76171875,"val-core/openai/gsm8k/reward/mean@1":0.6823351023502654,"actor/lr":1e-06,"global_seqlen/balanced_min":1247624,"response_length/clip_ratio":0.2194010466337204,"critic/rewards/min":0,"prompt_length/clip_ratio":0,"perf/max_memory_allocated_gb":133.5530915260315,"critic/advantages/max":1.1546978950500488,"actor/entropy":0.067525215446949,"perf/max_memory_reserved_gb":142.345703125,"critic/score/min":0,"critic/rewards/mean":0.76171875,"timing_s/old_log_prob":34.00278046168387,"global_seqlen/mean":1.2476245e+06,"response_length/max":1024,"perf/throughput":3847.210636529718,"timing_s/update_actor":100.30811524577439,"timing_per_token_ms/adv":4.550893638079912e-05,"response_length/min":192,"timing_s/testing":43.17066603526473,"timing_s/generation_timing/topk_ratio":0.5,"critic/advantages/min":-1.1546982526779175,"timing_s/generate_sequences":78.40794372558594,"perf/mfu/actor":0.16282229638716608,"actor/kl_loss":0.010731460244366614,"actor/kl_coef":0.0010000000000000002,"critic/score/max":1,"response_length_non_aborted/mean":730.6637573242188,"response_length_non_aborted/max":1024,"perf/time_per_step":324.2932653995231,"critic/returns/max":1.1546978950500488}