{"_step":70,"timing_per_token_ms/gen":0.03930895482758491,"timing_s/testing":26.87602641247213,"timing_s/update_actor":96.36176864616573,"val-core/openai/gsm8k/reward/mean@1":0.8627748294162244,"perf/total_num_tokens":1743575,"prompt_length/max":191,"training/epoch":9,"timing_per_token_ms/ref":0.02132341806447214,"timing_s/old_log_prob":34.15874960646033,"critic/advantages/min":-1.1546986103057861,"response_length_non_aborted/mean":485.9781799316406,"timing_s/ref":37.17897865176201,"prompt_length/clip_ratio":0,"actor/kl_loss":0.018138142697738873,"global_seqlen/balanced_min":871787,"timing_s/reshard":3.7875747680664062,"timing_s/generation_timing/max":53.115562438964844,"actor/kl_coef":0.0010000000000000002,"global_seqlen/min":858271,"critic/advantages/mean":-0.013686921447515488,"_wandb":{"runtime":33079},"critic/returns/min":-1.1546986103057861,"critic/score/min":0,"response_length_non_aborted/min":166,"timing_s/stop_profile":7.468648254871368e-05,"perf/max_memory_reserved_gb":142.326171875,"perf/throughput":1760.0580014602583,"global_seqlen/mean":871787.5,"response/aborted_ratio":0,"global_seqlen/minmax_diff":27033,"timing_s/gen_embed":240.8684254232794,"actor/pg_clipfrac":0.0009871299135538012,"timing_s/adv":0.1132011990994215,"timing_s/generate_sequences":52.11357116699219,"timing_s/start_profile":0.00015460792928934097,"perf/time_per_step":495.31748344469815,"timing_per_token_ms/adv":6.492476612673473e-05,"critic/score/max":1,"response_length/min":166,"critic/returns/mean":-0.013686921447515488,"timing_s/step":495.31748344469815,"global_seqlen/balanced_max":871788,"timing_s/gen":58.6853213859722,"prompt_length/min":42,"critic/rewards/min":0,"response_length/max":1024,"response_length_non_aborted/max":1024,"response_length/clip_ratio":0.0367838554084301,"perf/cpu_memory_used_gb":95.72371673583984,"timing_s/generation_timing/topk_ratio":0.5,"timing_s/generation_timing/min":51.111576080322266,"actor/pg_loss":0.0028194780602599635,"perf/max_memory_allocated_gb":133.5530915260315,"actor/lr":1e-06,"_runtime":33079.180174635,"actor/pg_clipfrac_lower":3.122991818765348e-06,"critic/returns/max":1.1546984910964966,"training/global_step":70,"critic/advantages/max":1.1546984910964966,"critic/rewards/mean":0.9127604365348816,"actor/grad_norm":0.33092521818784565,"timing_per_token_ms/update_actor":0.055266775817596446,"timing_s/reward":0.8999542407691479,"critic/score/mean":0.9127604365348816,"perf/mfu/actor":0.11671424486149182,"critic/rewards/max":1,"response_length/mean":485.9781799316406,"_timestamp":1.7611868393173807e+09,"response_length_non_aborted/clip_ratio":0.0367838554084301,"actor/ppo_kl":0.0004384034308206136,"actor/entropy":0.08320833742618561,"prompt_length/mean":81.591796875,"global_seqlen/max":885304}