{"timing_s/generation_timing/topk_ratio":0.5,"timing_s/update_actor":105.86177589185536,"prompt_length/min":42,"timing_s/start_profile":0.00016358960419893265,"timing_s/old_log_prob":35.93482575658709,"perf/mfu/actor":0.15919758189306996,"timing_s/step":341.96320805698633,"perf/cpu_memory_used_gb":53.36829376220703,"critic/returns/max":1.1546976566314697,"perf/time_per_step":341.96320805698633,"actor/kl_loss":0.01094736707158935,"response_length/max":1024,"_timestamp":1.760449726963698e+09,"perf/throughput":3763.875673389725,"response_length/min":267,"timing_s/generation_timing/max":87.40655517578125,"timing_s/reshard":2.8831725120544434,"actor/ppo_kl":0.0003465750898683766,"response_length_non_aborted/max":1024,"timing_per_token_ms/adv":4.65534411487123e-05,"global_seqlen/minmax_diff":19574,"timing_per_token_ms/ref":0.011059473262151643,"global_seqlen/balanced_max":1287107,"perf/max_memory_reserved_gb":142.41015625,"response_length_non_aborted/mean":756.3684692382812,"actor/pg_clipfrac_lower":2.3128959110653778e-05,"prompt_length/mean":81.591796875,"timing_per_token_ms/gen":0.03948339604771378,"timing_s/adv":0.11983851995319128,"actor/pg_clipfrac":0.006505546014901106,"response_length_non_aborted/clip_ratio":0.2311197966337204,"response_length/clip_ratio":0.2311197966337204,"actor/pg_loss":0.003210783186202966,"training/global_step":70,"response_length_non_aborted/min":267,"perf/max_memory_allocated_gb":133.55261516571045,"timing_s/generate_sequences":79.30774688720703,"response_length/mean":756.3684692382812,"timing_s/generation_timing/min":71.20893859863281,"critic/rewards/max":1,"global_seqlen/balanced_min":1287107,"training/epoch":9,"_wandb":{"runtime":24402},"_step":70,"critic/rewards/mean":0.7444661259651184,"critic/score/mean":0.7444661259651184,"timing_s/gen":91.74219765421003,"actor/grad_norm":0.7750728267889756,"critic/returns/min":-1.1546993255615234,"response/aborted_ratio":0,"actor/lr":1e-06,"prompt_length/clip_ratio":0,"timing_s/stop_profile":9.033922106027603e-05,"global_seqlen/mean":1.287107e+06,"critic/rewards/min":0,"actor/entropy":0.07078380137681961,"global_seqlen/min":1277320,"timing_s/reward":1.1704884814098477,"timing_per_token_ms/update_actor":0.041123922056152035,"critic/advantages/mean":-0.01845148764550686,"timing_s/testing":43.619748449884355,"critic/advantages/min":-1.1546993255615234,"critic/advantages/max":1.1546976566314697,"val-core/openai/gsm8k/reward/mean@1":0.6762699014404853,"_runtime":24402.121512339,"timing_s/ref":28.46945090405643,"global_seqlen/max":1296894,"prompt_length/max":191,"perf/total_num_tokens":2574214,"critic/score/min":0,"actor/kl_coef":0.0010000000000000002,"timing_s/gen_embed":34.84218091983348,"critic/score/max":1,"critic/returns/mean":-0.01845148764550686}