{"actor/grad_norm":0.2129193785098883,"critic/score/min":0,"perf/mfu/actor":0.1314307651638568,"actor/pg_loss":-0.00024527670347909903,"global_seqlen/minmax_diff":28809,"timing_s/generation_timing/topk_ratio":0.5,"critic/score/mean":0.9235026240348816,"response_length_non_aborted/min":230,"timing_s/adv":0.15718009416013956,"timing_s/testing":34.93060626182705,"actor/kl_loss":0.017206465043288804,"timing_s/update_actor":99.84286321420223,"val-core/openai/gsm8k/reward/mean@1":0.8817285822592873,"critic/advantages/mean":-0.004632208961993456,"response_length/min":230,"response/aborted_ratio":0,"critic/rewards/min":0,"actor/entropy":0.07126027345657349,"timing_s/start_profile":0.00014098547399044037,"response_length_non_aborted/clip_ratio":0.0234375,"timing_s/step":259.7592297429219,"timing_s/reshard":2.460679054260254,"critic/rewards/mean":0.9235026240348816,"timing_s/generation_timing/min":57.492340087890625,"perf/cpu_memory_used_gb":77.29734802246094,"global_seqlen/mean":1.0151475e+06,"timing_s/reward":0.919409909285605,"response_length/clip_ratio":0.0234375,"critic/advantages/max":1.1546984910964966,"_runtime":25916.401514683,"timing_per_token_ms/gen":0.035057525539950715,"response_length/mean":578.92578125,"global_seqlen/max":1029552,"actor/lr":1e-06,"critic/returns/mean":-0.004632208961993456,"timing_s/ref":27.76990410592407,"timing_s/generation_timing/max":58.771995544433594,"actor/pg_clipfrac_lower":1.1250986180921363e-06,"prompt_length/min":44,"critic/advantages/min":-1.1546986103057861,"global_seqlen/balanced_min":1015147,"timing_s/stop_profile":7.236562669277191e-05,"response_length_non_aborted/max":1024,"_timestamp":1.7604051705138392e+09,"prompt_length/mean":81.9775390625,"perf/total_num_tokens":2030295,"_step":105,"_wandb":{"runtime":25916},"timing_s/generate_sequences":58.13216781616211,"critic/rewards/max":1,"perf/time_per_step":259.7592297429219,"training/global_step":105,"perf/throughput":3908.032453763701,"timing_per_token_ms/ref":0.013677768061254187,"prompt_length/clip_ratio":0,"prompt_length/max":162,"perf/max_memory_allocated_gb":130.326434135437,"response_length_non_aborted/mean":578.92578125,"timing_s/gen":62.34840687178075,"critic/returns/max":1.1546984910964966,"actor/pg_clipfrac":0.0005905422069851986,"timing_per_token_ms/update_actor":0.04917653011715156,"global_seqlen/balanced_max":1015148,"perf/max_memory_reserved_gb":139.244140625,"critic/score/max":1,"critic/returns/min":-1.1546986103057861,"training/epoch":14,"timing_per_token_ms/adv":7.741736750577604e-05,"actor/ppo_kl":0.0005898070742293751,"actor/kl_coef":0.0010000000000000002,"response_length/max":1024,"timing_s/old_log_prob":33.65737783443183,"global_seqlen/min":1000743}