{"response_length_non_aborted/max":1024,"global_seqlen/max":916556,"actor/grad_norm":0.30195268300863415,"response_length_non_aborted/mean":508.3916015625,"timing_s/adv":0.1284613600000739,"prompt_length/min":42,"training/epoch":9,"response_length/max":1024,"response_length/min":155,"response_length/mean":508.3916015625,"timing_s/reshard":2.043733596801758,"timing_s/reward":0.8810149990022182,"timing_s/stop_profile":7.469672709703445e-05,"critic/score/min":0,"critic/advantages/mean":-0.011090592481195927,"timing_s/generate_sequences":49.57836151123047,"timing_s/gen":52.90779186133295,"global_seqlen/balanced_max":906215,"actor/pg_loss":0.0016068000636452575,"critic/returns/min":-1.1546986103057861,"perf/max_memory_reserved_gb":141.83203125,"perf/time_per_step":461.7425732566044,"timing_s/generation_timing/topk_ratio":0.5,"timing_per_token_ms/adv":7.087800956620862e-05,"response/aborted_ratio":0,"perf/max_memory_allocated_gb":133.16979455947876,"actor/entropy":0.08243910223245621,"val-core/openai/gsm8k/reward/mean@1":0.8658074298711145,"critic/rewards/min":0,"critic/advantages/min":-1.1546986103057861,"actor/pg_clipfrac":0.0008851843004458124,"timing_s/testing":27.72079155407846,"timing_s/old_log_prob":33.83809556346387,"critic/advantages/max":1.1546984910964966,"actor/kl_loss":0.016828146847811608,"actor/ppo_kl":0.00034977956018739456,"prompt_length/mean":81.591796875,"critic/score/mean":0.9091796875,"actor/pg_clipfrac_lower":2.2782744951667145e-06,"timing_s/gen_embed":220.50804380793124,"response_length_non_aborted/clip_ratio":0.0439453125,"critic/rewards/max":1,"perf/mfu/actor":0.11921355053486678,"critic/score/max":1,"actor/lr":1e-06,"perf/total_num_tokens":1812429,"actor/kl_coef":0.0010000000000000002,"global_seqlen/balanced_min":906214,"timing_per_token_ms/update_actor":0.05415959727155652,"timing_s/generation_timing/max":49.90850830078125,"critic/returns/mean":-0.011090592481195927,"timing_s/start_profile":0.00015006959438323975,"critic/rewards/mean":0.9091796875,"response_length_non_aborted/min":155,"global_seqlen/min":895873,"_wandb":{"runtime":32347},"response_length/clip_ratio":0.0439453125,"timing_per_token_ms/ref":0.015136648201998825,"_runtime":32347.818993465,"timing_s/generation_timing/min":49.24821090698242,"timing_s/update_actor":98.1604247232899,"timing_per_token_ms/gen":0.03387661881824058,"prompt_length/clip_ratio":0,"critic/returns/max":1.1546984910964966,"_step":70,"global_seqlen/mean":906214.5,"training/global_step":70,"prompt_length/max":191,"_timestamp":1.7611860754178169e+09,"timing_s/step":461.7425732566044,"perf/throughput":1962.5968071529526,"global_seqlen/minmax_diff":20683,"perf/cpu_memory_used_gb":124.05171203613281,"timing_s/ref":27.434100164100528}