{"timing_s/generation_timing/topk_ratio":0.5,"critic/score/max":1,"actor/kl_loss":0.013165275513867793,"timing_s/gen":66.10519488342106,"critic/advantages/min":-1.154699683189392,"timing_s/stop_profile":0.00011975504457950592,"perf/time_per_step":476.6432795524597,"response_length/mean":648.3092651367188,"critic/advantages/max":1.1546995639801025,"response/aborted_ratio":0,"global_seqlen/max":1137907,"prompt_length/clip_ratio":0,"perf/max_memory_reserved_gb":140.376953125,"response_length/clip_ratio":0.0885416641831398,"critic/score/mean":0.8736979365348816,"actor/kl_coef":0.0010000000000000002,"perf/throughput":2352.1321879386905,"timing_per_token_ms/adv":4.4691507359775045e-05,"timing_s/adv":0.10020980052649975,"timing_s/reshard":2.393826484680176,"timing_s/generation_timing/min":59.80862045288086,"_timestamp":1.760622256692502e+09,"global_seqlen/minmax_diff":33558,"timing_s/testing":33.84591663442552,"response_length_non_aborted/min":232,"global_seqlen/balanced_min":1121128,"val-core/openai/gsm8k/reward/mean@1":0.8218347232752085,"critic/score/min":0,"_step":70,"response_length/min":232,"global_seqlen/balanced_max":1121128,"timing_s/generate_sequences":61.280670166015625,"critic/returns/max":1.1546995639801025,"prompt_length/min":42,"critic/advantages/mean":-0.013270524330437183,"timing_s/reward":1.005911910906434,"timing_s/gen_embed":213.73034405708313,"actor/pg_clipfrac":0.005782404557692927,"global_seqlen/min":1104349,"perf/mfu/actor":0.14523701616468473,"response_length_non_aborted/clip_ratio":0.0885416641831398,"timing_s/generation_timing/max":62.75271987915039,"actor/lr":1e-06,"training/epoch":9,"actor/grad_norm":0.8140911964269785,"prompt_length/mean":81.591796875,"timing_s/step":476.6432795524597,"actor/entropy":0.06764128059148788,"timing_s/update_actor":100.06970907375216,"actor/ppo_kl":0.0003546961917607688,"response_length/max":1024,"timing_per_token_ms/ref":0.012522292407517364,"training/global_step":70,"actor/pg_loss":0.0010989710864473894,"perf/max_memory_allocated_gb":131.4749665260315,"critic/rewards/min":0,"response_length_non_aborted/max":1024,"critic/rewards/max":1,"perf/total_num_tokens":2242256,"_runtime":33069.298152143,"timing_per_token_ms/gen":0.03319190386222027,"critic/returns/mean":-0.013270524330437183,"response_length_non_aborted/mean":648.3092651367188,"critic/rewards/mean":0.8736979365348816,"critic/returns/min":-1.154699683189392,"timing_per_token_ms/update_actor":0.04462902945682927,"timing_s/start_profile":0.0001314198598265648,"timing_s/ref":28.078185284510255,"actor/pg_clipfrac_lower":1.6871125017014612e-05,"perf/cpu_memory_used_gb":66.26325225830078,"_wandb":{"runtime":33069},"prompt_length/max":191,"timing_s/old_log_prob":33.56993465218693,"global_seqlen/mean":1.121128e+06}