{"timing_per_token_ms/adv":6.869858700924777e-05,"response_length/clip_ratio":0.0377604179084301,"global_seqlen/max":898787,"critic/score/max":1,"global_seqlen/min":874452,"global_seqlen/balanced_max":886620,"critic/rewards/mean":0.9114583134651184,"global_seqlen/balanced_min":886619,"timing_s/gen":57.14467890188098,"timing_s/start_profile":0.0001451447606086731,"perf/throughput":1928.3093863542779,"timing_s/update_actor":96.59413942880929,"timing_per_token_ms/gen":0.03753125689327913,"training/global_step":70,"perf/total_num_tokens":1773239,"prompt_length/max":191,"timing_s/step":459.79110316745937,"training/epoch":9,"actor/kl_coef":0.0010000000000000002,"perf/max_memory_reserved_gb":142.326171875,"actor/ppo_kl":0.0002823224937986067,"timing_s/gen_embed":217.59592330269516,"perf/cpu_memory_used_gb":93.270263671875,"prompt_length/mean":81.591796875,"critic/advantages/max":1.1546984910964966,"prompt_length/clip_ratio":0,"timing_per_token_ms/update_actor":0.054473277109746226,"timing_s/testing":27.651429103687406,"critic/rewards/max":1,"timing_s/adv":0.1218190137296915,"timing_s/generate_sequences":51.99275207519531,"critic/returns/min":-1.1546986103057861,"critic/score/min":0,"response_length_non_aborted/mean":495.6344299316406,"actor/pg_clipfrac_lower":1.1107606349162177e-06,"timing_s/old_log_prob":32.39937532041222,"critic/advantages/min":-1.1546986103057861,"perf/mfu/actor":0.11796806720886321,"critic/returns/max":1.1546984910964966,"response_length_non_aborted/max":1024,"perf/time_per_step":459.79110316745937,"actor/entropy":0.08425845205783844,"prompt_length/min":42,"response_length/max":1024,"global_seqlen/mean":886619.5,"timing_s/generation_timing/topk_ratio":0.5,"global_seqlen/minmax_diff":24335,"perf/max_memory_allocated_gb":133.5530915260315,"_timestamp":1.761255325177564e+09,"actor/pg_clipfrac":0.0008739757363105423,"actor/pg_loss":0.0038610521428795023,"timing_per_token_ms/ref":0.015354823980912568,"critic/advantages/mean":-0.009223776869475842,"critic/score/mean":0.9114583134651184,"actor/grad_norm":0.29911156915701353,"response_length/min":148,"response_length_non_aborted/clip_ratio":0.0377604179084301,"timing_s/generation_timing/max":53.39179992675781,"critic/rewards/min":0,"timing_s/stop_profile":8.052587509155273e-05,"timing_s/generation_timing/min":50.59370422363281,"timing_s/reward":0.862379346974194,"response_length_non_aborted/min":148,"response/aborted_ratio":0,"critic/returns/mean":-0.009223776869475842,"timing_s/ref":27.227772721089423,"val-core/openai/gsm8k/reward/mean@1":0.8658074298711145,"actor/lr":1e-06,"response_length/mean":495.6344299316406,"timing_s/reshard":2.1749439239501953,"_wandb":{"runtime":32174},"actor/kl_loss":0.017756268769115593,"_runtime":32174.69272511,"_step":70}