{"actor/pg_clipfrac":0.0008657520908866888,"val-core/openai/gsm8k/reward/mean@1":0.8756633813495072,"actor/lr":1e-06,"timing_s/update_actor":96.5229538725689,"critic/advantages/mean":-0.00849046092480421,"perf/throughput":1887.4877524599733,"timing_s/generate_sequences":44.577484130859375,"perf/time_per_step":454.3682463010773,"timing_s/old_log_prob":33.85357034020126,"actor/kl_coef":0.0010000000000000002,"timing_s/generation_timing/max":44.7195930480957,"critic/rewards/min":0,"actor/ppo_kl":0.00043649589955654033,"training/epoch":9,"prompt_length/max":191,"timing_per_token_ms/update_actor":0.05627409160675858,"critic/advantages/max":1.1546984910964966,"timing_s/gen_embed":216.29422949068248,"timing_s/gen":49.59465154353529,"response_length/max":1024,"timing_s/reshard":3.3807120323181152,"_timestamp":1.7615728149943383e+09,"critic/advantages/min":-1.1546986103057861,"timing_s/reward":0.854001834988594,"response_length/min":198,"response_length/mean":476.7509765625,"critic/score/mean":0.9244791865348816,"critic/score/min":0,"actor/pg_loss":0.001974131029302827,"response_length_non_aborted/clip_ratio":0.0244140625,"perf/max_memory_reserved_gb":142.326171875,"prompt_length/clip_ratio":0,"critic/returns/max":1.1546984910964966,"timing_s/start_profile":0.00011502299457788467,"critic/returns/min":-1.1546986103057861,"global_seqlen/balanced_max":857615,"prompt_length/min":42,"_runtime":31756.95445933,"_wandb":{"runtime":31756},"training/global_step":70,"response_length_non_aborted/mean":476.7509765625,"response_length_non_aborted/max":1024,"timing_per_token_ms/gen":0.033862735669113984,"global_seqlen/max":871041,"global_seqlen/min":844188,"actor/grad_norm":0.277342011149113,"actor/entropy":0.0907760038971901,"_step":70,"timing_s/generation_timing/topk_ratio":0.5,"perf/cpu_memory_used_gb":64.26486587524414,"critic/returns/mean":-0.00849046092480421,"global_seqlen/mean":857614.5,"timing_s/ref":27.501217092387378,"critic/rewards/mean":0.9244791865348816,"global_seqlen/balanced_min":857614,"response/aborted_ratio":0,"actor/pg_clipfrac_lower":1.4694515493238804e-06,"critic/rewards/max":1,"timing_per_token_ms/ref":0.016033554174041703,"critic/score/max":1,"perf/max_memory_allocated_gb":133.55846643447876,"prompt_length/mean":81.591796875,"timing_s/adv":0.11311810370534658,"timing_per_token_ms/adv":6.594927190791818e-05,"perf/mfu/actor":0.1142598602503887,"timing_s/testing":29.46209067106247,"perf/total_num_tokens":1715229,"timing_s/stop_profile":0.00013857241719961166,"timing_s/generation_timing/min":44.43537521362305,"response_length/clip_ratio":0.0244140625,"global_seqlen/minmax_diff":26853,"timing_s/step":454.3682463010773,"actor/kl_loss":0.017405333586069414,"response_length_non_aborted/min":198}