{"global_seqlen/balanced_min":447851,"timing_s/generation_timing/min":22.790422439575195,"_timestamp":1.7628705909981318e+09,"critic/returns/max":1.1546984910964966,"response_length_non_aborted/max":1024,"timing_s/ref":13.920315495692194,"critic/score/max":1,"actor/grad_norm":0.27267929453116196,"perf/mfu/actor":0.11423244356693013,"training/global_step":70,"perf/max_memory_reserved_gb":134.623046875,"critic/rewards/min":0,"response_length/min":198,"prompt_length/mean":81.591796875,"timing_s/generation_timing/max":24.00626564025879,"timing_s/gen":32.35893994476646,"critic/rewards/mean":0.9192708134651184,"critic/returns/min":-1.1546986103057861,"prompt_length/clip_ratio":0,"response_length/max":1024,"timing_per_token_ms/adv":5.506145178489061e-05,"critic/advantages/min":-1.1546986103057861,"timing_per_token_ms/ref":0.0077706089494465206,"response/aborted_ratio":0,"prompt_length/min":42,"timing_per_token_ms/gen":0.02100198859830269,"critic/returns/mean":-0.008808876387774944,"response_length_non_aborted/clip_ratio":0.041015625,"timing_s/old_log_prob":21.158758519217372,"_step":70,"global_seqlen/max":461665,"actor/entropy":0.07927791029214859,"timing_s/reward":0.897091256454587,"timing_s/generate_sequences":23.414600372314453,"response_length_non_aborted/min":198,"actor/kl_coef":0.0010000000000000002,"global_seqlen/mean":447851.5,"timing_s/stop_profile":8.969288319349289e-05,"actor/kl_loss":0.039427031563897416,"actor/pg_loss":0.007411494914792541,"_wandb":{"runtime":25259},"timing_s/reshard":6.841208457946777,"perf/time_per_step":347.141769843176,"critic/advantages/mean":-0.008808876387774944,"_runtime":25259.581853883,"actor/lr":1e-06,"timing_per_token_ms/update_actor":0.028242734166534625,"perf/total_num_tokens":1791406,"global_seqlen/min":435181,"timing_s/start_profile":0.0002515111118555069,"response_length/clip_ratio":0.041015625,"critic/advantages/max":1.1546984910964966,"perf/cpu_memory_used_gb":65.2305679321289,"critic/rewards/max":1,"timing_s/adv":0.09863741509616375,"response_length_non_aborted/mean":501.5481872558594,"prompt_length/max":191,"actor/pg_clipfrac_lower":2.3373769438013624e-06,"actor/ppo_kl":0.0004891972066383086,"timing_s/gen_embed":204.16164521779865,"val-core/openai/gsm8k/reward/mean@1":0.8559514783927218,"perf/throughput":1290.1112424538262,"timing_s/testing":23.84081141743809,"timing_s/update_actor":50.59420344233513,"critic/score/mean":0.9192708134651184,"training/epoch":9,"perf/max_memory_allocated_gb":128.28088808059692,"response_length/mean":501.5481872558594,"timing_s/generation_timing/topk_ratio":0.25,"critic/score/min":0,"global_seqlen/balanced_max":447852,"global_seqlen/minmax_diff":26484,"actor/pg_clipfrac":0.0006504010279268886,"timing_s/step":347.141769843176}