{"critic/returns/max":1.1546984910964966,"global_seqlen/minmax_diff":33384,"critic/rewards/mean":0.9163411259651184,"timing_s/step":480.0854153614491,"timing_s/stop_profile":0.00013051647692918777,"response_length/mean":498.7063903808594,"global_seqlen/max":908030,"prompt_length/mean":81.591796875,"actor/pg_clipfrac_lower":2.53460544249188e-06,"perf/max_memory_reserved_gb":141.779296875,"critic/score/max":1,"_timestamp":1.7611868882418096e+09,"critic/returns/mean":-0.009111940860748291,"perf/cpu_memory_used_gb":67.91080474853516,"timing_per_token_ms/gen":0.03970986194615026,"timing_s/adv":0.1184560488909483,"response_length_non_aborted/mean":498.7063903808594,"actor/kl_loss":0.01709724957873295,"_wandb":{"runtime":33143},"timing_per_token_ms/ref":0.015589904381436924,"perf/throughput":1856.6237829343868,"timing_s/gen":60.8365409579128,"critic/advantages/max":1.1546984910964966,"timing_s/old_log_prob":33.24022055603564,"prompt_length/clip_ratio":0,"timing_per_token_ms/adv":6.64484454219097e-05,"actor/pg_loss":0.002609222071059854,"response_length_non_aborted/clip_ratio":0.0413411445915699,"timing_s/reward":0.8657863764092326,"global_seqlen/balanced_max":891338,"timing_s/testing":27.936630210839212,"training/global_step":70,"prompt_length/min":42,"timing_s/start_profile":0.00019345805048942566,"perf/time_per_step":480.0854153614491,"actor/lr":1e-06,"actor/entropy":0.0823860839009285,"timing_s/generation_timing/min":49.36574172973633,"perf/max_memory_allocated_gb":132.9737458229065,"critic/rewards/min":0,"critic/returns/min":-1.1546986103057861,"response_length_non_aborted/min":184,"critic/rewards/max":1,"timing_s/generation_timing/topk_ratio":0.5,"timing_s/update_actor":97.58268739283085,"actor/pg_clipfrac":0.0007872340752623745,"perf/mfu/actor":0.1177102637502058,"response_length/min":184,"response_length/clip_ratio":0.0413411445915699,"_step":70,"critic/advantages/min":-1.1546986103057861,"timing_per_token_ms/update_actor":0.054739440814164125,"critic/score/mean":0.9163411259651184,"training/epoch":9,"actor/ppo_kl":0.00032571092291524206,"timing_s/reshard":2.252572536468506,"prompt_length/max":191,"response/aborted_ratio":0,"actor/kl_coef":0.0010000000000000002,"critic/score/min":0,"response_length_non_aborted/max":1024,"timing_s/gen_embed":231.5721155423671,"timing_s/ref":27.79174838308245,"timing_s/generation_timing/max":57.169219970703125,"timing_s/generate_sequences":53.267478942871094,"global_seqlen/mean":891338,"global_seqlen/min":874646,"global_seqlen/balanced_min":891338,"_runtime":33143.653658383,"critic/advantages/mean":-0.009111940860748291,"perf/total_num_tokens":1782676,"val-core/openai/gsm8k/reward/mean@1":0.8642911296436695,"response_length/max":1024,"actor/grad_norm":0.2831136492582468}